1,titolo1,4,This is an example of a description for the song named titolo1,song2.mp3,5,2018-01-12,59,default1.png
2,titolo2,9,This is an example of a description for the song named titolo2,song2.mp3,5,2018-01-13,6,default1.png
3,titolo3,4,This is an example of a description for the song named titolo3,song2.mp3,4,2018-01-14,74,default1.png
4,titolo4,5,This is an example of a description for the song named titolo4,song3.mp3,1,2018-01-15,90,default1.png
5,titolo5,1,This is an example of a description for the song named titolo5,song3.mp3,5,2018-01-16,6,default1.png
6,titolo6,3,This is an example of a description for the song named titolo6,song3.mp3,1,2018-01-17,81,default1.png
7,titolo7,10,This is an example of a description for the song named titolo7,song1.mp3,2,2018-01-18,18,default1.png
8,titolo8,8,This is an example of a description for the song named titolo8,song2.mp3,3,2018-01-19,88,default1.png
9,titolo9,5,This is an example of a description for the song named titolo9,song4.mp3,1,2018-01-20,35,default1.png
10,titolo10,10,This is an example of a description for the song named titolo10,song3.mp3,3,2018-01-21,17,default1.png
11,titolo11,2,This is an example of a description for the song named titolo11,song3.mp3,5,2018-01-22,39,default1.png
12,titolo12,9,This is an example of a description for the song named titolo12,song2.mp3,4,2018-01-23,33,default1.png
13,titolo13,6,This is an example of a description for the song named titolo13,song4.mp3,1,2018-01-24,12,default1.png
14,titolo14,3,This is an example of a description for the song named titolo14,song2.mp3,4,2018-01-25,50,default1.png
15,titolo15,2,This is an example of a description for the song named titolo15,song4.mp3,4,2018-01-26,74,default1.png
16,titolo16,10,This is an example of a description for the song named titolo16,song1.mp3,3,2018-01-27,63,default1.png
17,titolo17,9,This is an example of a description for the song named titolo17,song3.mp3,2,2018-01-28,94,default1.png
18,titolo18,2,This is an example of a description for the song named titolo18,song1.mp3,5,2018-01-29,65,default1.png
19,titolo19,2,This is an example of a description for the song named titolo19,song1.mp3,3,2018-01-30,36,default1.png
20,titolo20,7,This is an example of a description for the song named titolo20,song3.mp3,1,2018-01-31,11,default1.png
21,titolo21,2,This is an example of a description for the song named titolo21,song1.mp3,3,2018-02-01,32,default1.png
22,titolo22,1,This is an example of a description for the song named titolo22,song2.mp3,3,2018-02-02,26,default1.png
23,titolo23,10,This is an example of a description for the song named titolo23,song4.mp3,1,2018-02-03,10,default1.png
24,titolo24,4,This is an example of a description for the song named titolo24,song3.mp3,4,2018-02-04,60,default1.png
25,titolo25,2,This is an example of a description for the song named titolo25,song3.mp3,1,2018-02-05,60,default1.png
26,titolo26,6,This is an example of a description for the song named titolo26,song2.mp3,3,2018-02-06,27,default1.png
27,titolo27,9,This is an example of a description for the song named titolo27,song3.mp3,3,2018-02-07,96,default1.png
28,titolo28,8,This is an example of a description for the song named titolo28,song4.mp3,2,2018-02-08,71,default1.png
29,titolo29,7,This is an example of a description for the song named titolo29,song4.mp3,5,2018-02-09,55,default1.png
30,titolo30,7,This is an example of a description for the song named titolo30,song2.mp3,5,2018-02-10,30,default1.png
31,titolo31,10,This is an example of a description for the song named titolo31,song1.mp3,3,2018-02-11,18,default1.png
32,titolo32,8,This is an example of a description for the song named titolo32,song2.mp3,2,2018-02-12,6,default1.png
33,titolo33,9,This is an example of a description for the song named titolo33,song2.mp3,5,2018-02-13,43,default1.png
34,titolo34,1,This is an example of a description for the song named titolo34,song3.mp3,4,2018-02-14,28,default1.png
35,titolo35,10,This is an example of a description for the song named titolo35,song3.mp3,2,2018-02-15,22,default1.png
36,titolo36,4,This is an example of a description for the song named titolo36,song2.mp3,3,2018-02-16,58,default1.png
37,titolo37,6,This is an example of a description for the song named titolo37,song2.mp3,2,2018-02-17,77,default1.png
38,titolo38,4,This is an example of a description for the song named titolo38,song3.mp3,4,2018-02-18,36,default1.png
39,titolo39,5,This is an example of a description for the song named titolo39,song3.mp3,4,2018-02-19,43,default1.png
40,titolo40,9,This is an example of a description for the song named titolo40,song1.mp3,3,2018-02-20,28,default1.png
41,titolo41,1,This is an example of a description for the song named titolo41,song4.mp3,1,2018-02-21,82,default1.png
42,titolo42,9,This is an example of a description for the song named titolo42,song1.mp3,3,2018-02-22,87,default1.png
43,titolo43,3,This is an example of a description for the song named titolo43,song4.mp3,1,2018-02-23,77,default1.png
44,titolo44,2,This is an example of a description for the song named titolo44,song1.mp3,3,2018-02-24,38,default1.png
45,titolo45,7,This is an example of a description for the song named titolo45,song3.mp3,3,2018-02-25,62,default1.png
46,titolo46,7,This is an example of a description for the song named titolo46,song3.mp3,5,2018-02-26,55,default1.png
47,titolo47,5,This is an example of a description for the song named titolo47,song4.mp3,1,2018-02-27,70,default1.png
48,titolo48,10,This is an example of a description for the song named titolo48,song4.mp3,1,2018-02-28,51,default1.png
49,titolo49,2,This is an example of a description for the song named titolo49,song1.mp3,3,2018-03-01,100,default1.png
50,titolo50,6,This is an example of a description for the song named titolo50,song2.mp3,1,2018-03-02,23,default1.png