1,This is not a random comment...coz there is a number here 1,12,17
2,This is not a random comment...coz there is a number here 2,10,48
3,This is not a random comment...coz there is a number here 3,8,4
4,This is not a random comment...coz there is a number here 4,10,24
5,This is not a random comment...coz there is a number here 5,13,27
6,This is not a random comment...coz there is a number here 6,12,39
7,This is not a random comment...coz there is a number here 7,7,41
8,This is not a random comment...coz there is a number here 8,12,1
9,This is not a random comment...coz there is a number here 9,17,7
10,This is not a random comment...coz there is a number here 10,4,7
11,This is not a random comment...coz there is a number here 11,7,29
12,This is not a random comment...coz there is a number here 12,3,25
13,This is not a random comment...coz there is a number here 13,4,4
14,This is not a random comment...coz there is a number here 14,14,26
15,This is not a random comment...coz there is a number here 15,14,31
16,This is not a random comment...coz there is a number here 16,4,28
17,This is not a random comment...coz there is a number here 17,12,15
18,This is not a random comment...coz there is a number here 18,7,23
19,This is not a random comment...coz there is a number here 19,11,29
20,This is not a random comment...coz there is a number here 20,8,13
21,This is not a random comment...coz there is a number here 21,14,31
22,This is not a random comment...coz there is a number here 22,8,47
23,This is not a random comment...coz there is a number here 23,17,17
24,This is not a random comment...coz there is a number here 24,8,23
25,This is not a random comment...coz there is a number here 25,13,47
26,This is not a random comment...coz there is a number here 26,5,48
27,This is not a random comment...coz there is a number here 27,6,16
28,This is not a random comment...coz there is a number here 28,13,1
29,This is not a random comment...coz there is a number here 29,7,26
30,This is not a random comment...coz there is a number here 30,10,12
31,This is not a random comment...coz there is a number here 31,7,7
32,This is not a random comment...coz there is a number here 32,15,12
33,This is not a random comment...coz there is a number here 33,11,1
34,This is not a random comment...coz there is a number here 34,17,43
35,This is not a random comment...coz there is a number here 35,11,14
36,This is not a random comment...coz there is a number here 36,3,44
37,This is not a random comment...coz there is a number here 37,10,16
38,This is not a random comment...coz there is a number here 38,8,21
39,This is not a random comment...coz there is a number here 39,12,5
40,This is not a random comment...coz there is a number here 40,13,15
41,This is not a random comment...coz there is a number here 41,6,18
42,This is not a random comment...coz there is a number here 42,3,13
43,This is not a random comment...coz there is a number here 43,11,25
44,This is not a random comment...coz there is a number here 44,4,17
45,This is not a random comment...coz there is a number here 45,8,33
46,This is not a random comment...coz there is a number here 46,5,15
47,This is not a random comment...coz there is a number here 47,10,41
48,This is not a random comment...coz there is a number here 48,12,47
49,This is not a random comment...coz there is a number here 49,12,50
50,This is not a random comment...coz there is a number here 50,17,5
51,This is not a random comment...coz there is a number here 51,15,1
52,This is not a random comment...coz there is a number here 52,6,32
53,This is not a random comment...coz there is a number here 53,4,37
54,This is not a random comment...coz there is a number here 54,7,47
55,This is not a random comment...coz there is a number here 55,13,7
56,This is not a random comment...coz there is a number here 56,10,28
57,This is not a random comment...coz there is a number here 57,7,22
58,This is not a random comment...coz there is a number here 58,6,39
59,This is not a random comment...coz there is a number here 59,13,30
60,This is not a random comment...coz there is a number here 60,4,20
61,This is not a random comment...coz there is a number here 61,16,47
62,This is not a random comment...coz there is a number here 62,8,49
63,This is not a random comment...coz there is a number here 63,5,35
64,This is not a random comment...coz there is a number here 64,6,23
65,This is not a random comment...coz there is a number here 65,9,9
66,This is not a random comment...coz there is a number here 66,12,37
67,This is not a random comment...coz there is a number here 67,8,32
68,This is not a random comment...coz there is a number here 68,13,4
69,This is not a random comment...coz there is a number here 69,10,2
70,This is not a random comment...coz there is a number here 70,14,24
71,This is not a random comment...coz there is a number here 71,5,35
72,This is not a random comment...coz there is a number here 72,15,27
73,This is not a random comment...coz there is a number here 73,4,16
74,This is not a random comment...coz there is a number here 74,9,6
75,This is not a random comment...coz there is a number here 75,8,25
76,This is not a random comment...coz there is a number here 76,6,34
77,This is not a random comment...coz there is a number here 77,16,27
78,This is not a random comment...coz there is a number here 78,16,29
79,This is not a random comment...coz there is a number here 79,15,21
80,This is not a random comment...coz there is a number here 80,6,31
81,This is not a random comment...coz there is a number here 81,7,10
82,This is not a random comment...coz there is a number here 82,7,9
83,This is not a random comment...coz there is a number here 83,9,37
84,This is not a random comment...coz there is a number here 84,5,16
85,This is not a random comment...coz there is a number here 85,7,30
86,This is not a random comment...coz there is a number here 86,5,32
87,This is not a random comment...coz there is a number here 87,10,44
88,This is not a random comment...coz there is a number here 88,13,46
89,This is not a random comment...coz there is a number here 89,8,14
90,This is not a random comment...coz there is a number here 90,12,36
91,This is not a random comment...coz there is a number here 91,16,48
92,This is not a random comment...coz there is a number here 92,14,4
93,This is not a random comment...coz there is a number here 93,9,5
94,This is not a random comment...coz there is a number here 94,6,13
95,This is not a random comment...coz there is a number here 95,12,21
96,This is not a random comment...coz there is a number here 96,5,44
97,This is not a random comment...coz there is a number here 97,7,2
98,This is not a random comment...coz there is a number here 98,8,23
99,This is not a random comment...coz there is a number here 99,9,29
100,This is not a random comment...coz there is a number here 100,13,32
101,This is not a random comment...coz there is a number here 101,11,17
102,This is not a random comment...coz there is a number here 102,9,46
103,This is not a random comment...coz there is a number here 103,16,16
104,This is not a random comment...coz there is a number here 104,5,10
105,This is not a random comment...coz there is a number here 105,4,48
106,This is not a random comment...coz there is a number here 106,12,9
107,This is not a random comment...coz there is a number here 107,13,5
108,This is not a random comment...coz there is a number here 108,8,10
109,This is not a random comment...coz there is a number here 109,4,40
110,This is not a random comment...coz there is a number here 110,14,8
111,This is not a random comment...coz there is a number here 111,16,16
112,This is not a random comment...coz there is a number here 112,15,20
113,This is not a random comment...coz there is a number here 113,6,40
114,This is not a random comment...coz there is a number here 114,14,3
115,This is not a random comment...coz there is a number here 115,5,20
116,This is not a random comment...coz there is a number here 116,10,14
117,This is not a random comment...coz there is a number here 117,9,25
118,This is not a random comment...coz there is a number here 118,14,32
119,This is not a random comment...coz there is a number here 119,13,15
120,This is not a random comment...coz there is a number here 120,7,16
121,This is not a random comment...coz there is a number here 121,10,37
122,This is not a random comment...coz there is a number here 122,9,35
123,This is not a random comment...coz there is a number here 123,16,19
124,This is not a random comment...coz there is a number here 124,13,36
125,This is not a random comment...coz there is a number here 125,6,30
126,This is not a random comment...coz there is a number here 126,6,36
127,This is not a random comment...coz there is a number here 127,11,33
128,This is not a random comment...coz there is a number here 128,17,17
129,This is not a random comment...coz there is a number here 129,12,42
130,This is not a random comment...coz there is a number here 130,14,10
131,This is not a random comment...coz there is a number here 131,6,43
132,This is not a random comment...coz there is a number here 132,13,26
133,This is not a random comment...coz there is a number here 133,13,20
134,This is not a random comment...coz there is a number here 134,13,39
135,This is not a random comment...coz there is a number here 135,5,3
136,This is not a random comment...coz there is a number here 136,17,26
137,This is not a random comment...coz there is a number here 137,13,24
138,This is not a random comment...coz there is a number here 138,4,2
139,This is not a random comment...coz there is a number here 139,16,32
140,This is not a random comment...coz there is a number here 140,10,3
141,This is not a random comment...coz there is a number here 141,15,36
142,This is not a random comment...coz there is a number here 142,12,13
143,This is not a random comment...coz there is a number here 143,4,39
144,This is not a random comment...coz there is a number here 144,13,16
145,This is not a random comment...coz there is a number here 145,11,3
146,This is not a random comment...coz there is a number here 146,14,4
147,This is not a random comment...coz there is a number here 147,10,42
148,This is not a random comment...coz there is a number here 148,8,49
149,This is not a random comment...coz there is a number here 149,8,32
150,This is not a random comment...coz there is a number here 150,3,13
151,This is not a random comment...coz there is a number here 151,11,18
152,This is not a random comment...coz there is a number here 152,14,23
153,This is not a random comment...coz there is a number here 153,6,28
154,This is not a random comment...coz there is a number here 154,17,17
155,This is not a random comment...coz there is a number here 155,17,25
156,This is not a random comment...coz there is a number here 156,14,22
157,This is not a random comment...coz there is a number here 157,8,25
158,This is not a random comment...coz there is a number here 158,11,47
159,This is not a random comment...coz there is a number here 159,8,1
160,This is not a random comment...coz there is a number here 160,3,8
161,This is not a random comment...coz there is a number here 161,7,28
162,This is not a random comment...coz there is a number here 162,16,36
163,This is not a random comment...coz there is a number here 163,7,17
164,This is not a random comment...coz there is a number here 164,16,9
165,This is not a random comment...coz there is a number here 165,3,26
166,This is not a random comment...coz there is a number here 166,5,22
167,This is not a random comment...coz there is a number here 167,7,11
168,This is not a random comment...coz there is a number here 168,8,30
169,This is not a random comment...coz there is a number here 169,14,48
170,This is not a random comment...coz there is a number here 170,16,31
171,This is not a random comment...coz there is a number here 171,9,46
172,This is not a random comment...coz there is a number here 172,9,46
173,This is not a random comment...coz there is a number here 173,4,19
174,This is not a random comment...coz there is a number here 174,17,35
175,This is not a random comment...coz there is a number here 175,13,6
176,This is not a random comment...coz there is a number here 176,17,44
177,This is not a random comment...coz there is a number here 177,8,17
178,This is not a random comment...coz there is a number here 178,17,35
179,This is not a random comment...coz there is a number here 179,9,40
180,This is not a random comment...coz there is a number here 180,16,20
181,This is not a random comment...coz there is a number here 181,17,33
182,This is not a random comment...coz there is a number here 182,16,37
183,This is not a random comment...coz there is a number here 183,6,2
184,This is not a random comment...coz there is a number here 184,11,46
185,This is not a random comment...coz there is a number here 185,12,40
186,This is not a random comment...coz there is a number here 186,15,8
187,This is not a random comment...coz there is a number here 187,17,9
188,This is not a random comment...coz there is a number here 188,14,48
189,This is not a random comment...coz there is a number here 189,5,6
190,This is not a random comment...coz there is a number here 190,17,37
191,This is not a random comment...coz there is a number here 191,9,46
192,This is not a random comment...coz there is a number here 192,15,3
193,This is not a random comment...coz there is a number here 193,10,27
194,This is not a random comment...coz there is a number here 194,11,22
195,This is not a random comment...coz there is a number here 195,12,27
196,This is not a random comment...coz there is a number here 196,13,36
197,This is not a random comment...coz there is a number here 197,15,44
198,This is not a random comment...coz there is a number here 198,6,37
199,This is not a random comment...coz there is a number here 199,15,42
200,This is not a random comment...coz there is a number here 200,11,32
201,This is not a random comment...coz there is a number here 201,13,1
202,This is not a random comment...coz there is a number here 202,15,18
203,This is not a random comment...coz there is a number here 203,17,42
204,This is not a random comment...coz there is a number here 204,15,6
205,This is not a random comment...coz there is a number here 205,16,20
206,This is not a random comment...coz there is a number here 206,6,2
207,This is not a random comment...coz there is a number here 207,15,16
208,This is not a random comment...coz there is a number here 208,12,9
209,This is not a random comment...coz there is a number here 209,15,32
210,This is not a random comment...coz there is a number here 210,14,29
211,This is not a random comment...coz there is a number here 211,6,27
212,This is not a random comment...coz there is a number here 212,14,16
213,This is not a random comment...coz there is a number here 213,10,19
214,This is not a random comment...coz there is a number here 214,5,15
215,This is not a random comment...coz there is a number here 215,13,44
216,This is not a random comment...coz there is a number here 216,4,25
217,This is not a random comment...coz there is a number here 217,10,16
218,This is not a random comment...coz there is a number here 218,16,37
219,This is not a random comment...coz there is a number here 219,14,12
220,This is not a random comment...coz there is a number here 220,5,43
221,This is not a random comment...coz there is a number here 221,6,26
222,This is not a random comment...coz there is a number here 222,17,12
223,This is not a random comment...coz there is a number here 223,8,18
224,This is not a random comment...coz there is a number here 224,11,25
225,This is not a random comment...coz there is a number here 225,14,9
226,This is not a random comment...coz there is a number here 226,13,31
227,This is not a random comment...coz there is a number here 227,5,18
228,This is not a random comment...coz there is a number here 228,16,4
229,This is not a random comment...coz there is a number here 229,17,5
230,This is not a random comment...coz there is a number here 230,11,5
231,This is not a random comment...coz there is a number here 231,5,20
232,This is not a random comment...coz there is a number here 232,11,1
233,This is not a random comment...coz there is a number here 233,15,21
234,This is not a random comment...coz there is a number here 234,10,13
235,This is not a random comment...coz there is a number here 235,3,3
236,This is not a random comment...coz there is a number here 236,3,45
237,This is not a random comment...coz there is a number here 237,7,25
238,This is not a random comment...coz there is a number here 238,3,37
239,This is not a random comment...coz there is a number here 239,12,37
240,This is not a random comment...coz there is a number here 240,13,2
241,This is not a random comment...coz there is a number here 241,16,20
242,This is not a random comment...coz there is a number here 242,11,44
243,This is not a random comment...coz there is a number here 243,16,23
244,This is not a random comment...coz there is a number here 244,14,19
245,This is not a random comment...coz there is a number here 245,3,22
246,This is not a random comment...coz there is a number here 246,11,18
247,This is not a random comment...coz there is a number here 247,9,35
248,This is not a random comment...coz there is a number here 248,10,12
249,This is not a random comment...coz there is a number here 249,4,25
250,This is not a random comment...coz there is a number here 250,3,42
251,This is not a random comment...coz there is a number here 251,15,7
252,This is not a random comment...coz there is a number here 252,6,28
253,This is not a random comment...coz there is a number here 253,9,14
254,This is not a random comment...coz there is a number here 254,11,1
255,This is not a random comment...coz there is a number here 255,11,23
256,This is not a random comment...coz there is a number here 256,6,40