1,This is not a random comment...coz there is a number here 1,12,17,2017-01-27 19:39:33
2,This is not a random comment...coz there is a number here 2,10,48,2018-03-02 23:36:47
3,This is not a random comment...coz there is a number here 3,8,4,2017-08-10 04:52:52
4,This is not a random comment...coz there is a number here 4,10,24,2018-04-18 09:07:01
5,This is not a random comment...coz there is a number here 5,13,27,2017-10-21 16:38:15
6,This is not a random comment...coz there is a number here 6,12,39,2018-09-10 10:48:42
7,This is not a random comment...coz there is a number here 7,7,41,2017-03-05 10:10:40
8,This is not a random comment...coz there is a number here 8,12,1,2017-12-19 06:33:46
9,This is not a random comment...coz there is a number here 9,17,7,2017-08-28 22:28:13
10,This is not a random comment...coz there is a number here 10,4,7,2017-03-13 00:44:52
11,This is not a random comment...coz there is a number here 11,7,29,2018-04-14 18:33:07
12,This is not a random comment...coz there is a number here 12,3,25,2018-06-23 20:16:23
13,This is not a random comment...coz there is a number here 13,4,4,2017-11-07 14:07:26
14,This is not a random comment...coz there is a number here 14,14,26,2017-06-01 00:23:00
15,This is not a random comment...coz there is a number here 15,14,31,2018-09-10 06:54:23
16,This is not a random comment...coz there is a number here 16,4,28,2017-01-24 08:05:07
17,This is not a random comment...coz there is a number here 17,12,15,2017-12-06 15:04:33
18,This is not a random comment...coz there is a number here 18,7,23,2018-06-07 07:37:47
19,This is not a random comment...coz there is a number here 19,11,29,2017-04-27 20:36:02
20,This is not a random comment...coz there is a number here 20,8,13,2017-06-22 22:58:53
21,This is not a random comment...coz there is a number here 21,14,31,2018-03-22 09:31:58
22,This is not a random comment...coz there is a number here 22,8,47,2018-01-15 10:28:06
23,This is not a random comment...coz there is a number here 23,17,17,2017-11-08 10:37:14
24,This is not a random comment...coz there is a number here 24,8,23,2017-09-22 18:40:01
25,This is not a random comment...coz there is a number here 25,13,47,2017-09-27 01:18:46
26,This is not a random comment...coz there is a number here 26,5,48,2018-12-14 23:06:58
27,This is not a random comment...coz there is a number here 27,6,16,2017-07-17 05:22:58
28,This is not a random comment...coz there is a number here 28,13,1,2017-10-08 22:59:35
29,This is not a random comment...coz there is a number here 29,7,26,2018-12-14 13:08:13
30,This is not a random comment...coz there is a number here 30,10,12,2018-06-17 20:12:13
31,This is not a random comment...coz there is a number here 31,7,7,2018-06-23 00:05:40
32,This is not a random comment...coz there is a number here 32,15,12,2017-01-03 14:59:03
33,This is not a random comment...coz there is a number here 33,11,1,2018-09-24 03:36:13
34,This is not a random comment...coz there is a number here 34,17,43,2018-09-24 18:37:20
35,This is not a random comment...coz there is a number here 35,11,14,2018-12-20 09:22:49
36,This is not a random comment...coz there is a number here 36,3,44,2017-09-06 03:41:14
37,This is not a random comment...coz there is a number here 37,10,16,2018-02-11 20:11:48
38,This is not a random comment...coz there is a number here 38,8,21,2017-06-25 04:41:03
39,This is not a random comment...coz there is a number here 39,12,5,2018-05-06 19:03:39
40,This is not a random comment...coz there is a number here 40,13,15,2018-11-23 04:13:47
41,This is not a random comment...coz there is a number here 41,6,18,2018-06-19 13:05:26
42,This is not a random comment...coz there is a number here 42,3,13,2018-12-24 23:24:45
43,This is not a random comment...coz there is a number here 43,11,25,2018-03-12 10:25:05
44,This is not a random comment...coz there is a number here 44,4,17,2018-02-03 20:23:53
45,This is not a random comment...coz there is a number here 45,8,33,2018-06-10 19:30:38
46,This is not a random comment...coz there is a number here 46,5,15,2018-07-22 09:30:25
47,This is not a random comment...coz there is a number here 47,10,41,2018-11-04 05:44:06
48,This is not a random comment...coz there is a number here 48,12,47,2017-05-13 02:09:33
49,This is not a random comment...coz there is a number here 49,12,50,2018-01-15 03:57:30
50,This is not a random comment...coz there is a number here 50,17,5,2018-04-02 22:08:57
51,This is not a random comment...coz there is a number here 51,15,1,2018-01-18 20:16:43
52,This is not a random comment...coz there is a number here 52,6,32,2018-08-06 04:20:51
53,This is not a random comment...coz there is a number here 53,4,37,2018-03-17 13:31:37
54,This is not a random comment...coz there is a number here 54,7,47,2017-05-21 16:29:06
55,This is not a random comment...coz there is a number here 55,13,7,2017-04-18 10:32:53
56,This is not a random comment...coz there is a number here 56,10,28,2017-11-03 21:46:13
57,This is not a random comment...coz there is a number here 57,7,22,2018-12-20 04:07:56
58,This is not a random comment...coz there is a number here 58,6,39,2018-02-12 17:48:10
59,This is not a random comment...coz there is a number here 59,13,30,2017-08-16 02:19:07
60,This is not a random comment...coz there is a number here 60,4,20,2018-02-02 18:34:10
61,This is not a random comment...coz there is a number here 61,16,47,2017-05-10 22:23:22
62,This is not a random comment...coz there is a number here 62,8,49,2017-05-26 00:25:19
63,This is not a random comment...coz there is a number here 63,5,35,2018-09-19 12:36:45
64,This is not a random comment...coz there is a number here 64,6,23,2018-05-04 05:18:26
65,This is not a random comment...coz there is a number here 65,9,9,2018-09-06 16:29:12
66,This is not a random comment...coz there is a number here 66,12,37,2018-07-28 10:02:09
67,This is not a random comment...coz there is a number here 67,8,32,2018-02-19 20:48:56
68,This is not a random comment...coz there is a number here 68,13,4,2018-06-12 03:12:20
69,This is not a random comment...coz there is a number here 69,10,2,2018-01-15 12:16:37
70,This is not a random comment...coz there is a number here 70,14,24,2018-10-07 12:00:01
71,This is not a random comment...coz there is a number here 71,5,35,2018-11-27 16:32:53
72,This is not a random comment...coz there is a number here 72,15,27,2017-07-17 15:40:41
73,This is not a random comment...coz there is a number here 73,4,16,2017-04-28 20:17:49
74,This is not a random comment...coz there is a number here 74,9,6,2018-09-11 13:36:53
75,This is not a random comment...coz there is a number here 75,8,25,2017-01-16 10:02:05
76,This is not a random comment...coz there is a number here 76,6,34,2018-08-28 17:47:43
77,This is not a random comment...coz there is a number here 77,16,27,2017-03-08 03:39:45
78,This is not a random comment...coz there is a number here 78,16,29,2018-08-21 04:39:00
79,This is not a random comment...coz there is a number here 79,15,21,2018-06-03 12:58:17
80,This is not a random comment...coz there is a number here 80,6,31,2018-12-21 11:31:51
81,This is not a random comment...coz there is a number here 81,7,10,2018-01-01 16:06:12
82,This is not a random comment...coz there is a number here 82,7,9,2017-03-22 21:29:40
83,This is not a random comment...coz there is a number here 83,9,37,2017-02-28 13:07:33
84,This is not a random comment...coz there is a number here 84,5,16,2018-12-11 15:57:06
85,This is not a random comment...coz there is a number here 85,7,30,2017-05-08 08:02:54
86,This is not a random comment...coz there is a number here 86,5,32,2018-02-19 13:42:48
87,This is not a random comment...coz there is a number here 87,10,44,2017-10-03 06:22:45
88,This is not a random comment...coz there is a number here 88,13,46,2018-10-21 16:30:41
89,This is not a random comment...coz there is a number here 89,8,14,2017-10-22 14:07:52
90,This is not a random comment...coz there is a number here 90,12,36,2018-11-23 18:56:00
91,This is not a random comment...coz there is a number here 91,16,48,2017-06-26 04:44:16
92,This is not a random comment...coz there is a number here 92,14,4,2018-05-25 07:12:57
93,This is not a random comment...coz there is a number here 93,9,5,2018-09-14 23:24:08
94,This is not a random comment...coz there is a number here 94,6,13,2017-08-09 14:23:26
95,This is not a random comment...coz there is a number here 95,12,21,2017-04-01 07:38:44
96,This is not a random comment...coz there is a number here 96,5,44,2018-09-24 22:18:43
97,This is not a random comment...coz there is a number here 97,7,2,2017-12-23 00:53:34
98,This is not a random comment...coz there is a number here 98,8,23,2017-06-20 15:14:46
99,This is not a random comment...coz there is a number here 99,9,29,2017-06-22 02:25:00
100,This is not a random comment...coz there is a number here 100,13,32,2017-01-13 19:00:47
101,This is not a random comment...coz there is a number here 101,11,17,2017-12-10 07:18:23
102,This is not a random comment...coz there is a number here 102,9,46,2017-12-01 15:04:53
103,This is not a random comment...coz there is a number here 103,16,16,2018-08-12 12:57:53
104,This is not a random comment...coz there is a number here 104,5,10,2017-10-20 01:48:01
105,This is not a random comment...coz there is a number here 105,4,48,2018-03-18 13:19:45
106,This is not a random comment...coz there is a number here 106,12,9,2017-11-16 04:32:09
107,This is not a random comment...coz there is a number here 107,13,5,2017-12-15 08:51:14
108,This is not a random comment...coz there is a number here 108,8,10,2017-08-12 17:55:19
109,This is not a random comment...coz there is a number here 109,4,40,2018-01-10 23:36:20
110,This is not a random comment...coz there is a number here 110,14,8,2017-07-28 12:30:23
111,This is not a random comment...coz there is a number here 111,16,16,2018-09-12 12:24:20
112,This is not a random comment...coz there is a number here 112,15,20,2017-07-23 06:56:29
113,This is not a random comment...coz there is a number here 113,6,40,2017-05-22 14:16:51
114,This is not a random comment...coz there is a number here 114,14,3,2018-01-21 08:05:58
115,This is not a random comment...coz there is a number here 115,5,20,2018-01-04 05:40:52
116,This is not a random comment...coz there is a number here 116,10,14,2018-10-23 05:11:42
117,This is not a random comment...coz there is a number here 117,9,25,2017-12-04 03:47:58
118,This is not a random comment...coz there is a number here 118,14,32,2017-02-22 16:14:36
119,This is not a random comment...coz there is a number here 119,13,15,2017-03-27 14:52:40
120,This is not a random comment...coz there is a number here 120,7,16,2018-04-21 19:56:02
121,This is not a random comment...coz there is a number here 121,10,37,2018-12-28 06:19:00
122,This is not a random comment...coz there is a number here 122,9,35,2018-05-11 06:54:41
123,This is not a random comment...coz there is a number here 123,16,19,2017-09-27 10:21:15
124,This is not a random comment...coz there is a number here 124,13,36,2017-12-22 05:14:28
125,This is not a random comment...coz there is a number here 125,6,30,2017-08-28 23:05:22
126,This is not a random comment...coz there is a number here 126,6,36,2018-05-01 14:58:25
127,This is not a random comment...coz there is a number here 127,11,33,2017-09-16 21:40:45
128,This is not a random comment...coz there is a number here 128,17,17,2018-03-24 19:00:08
129,This is not a random comment...coz there is a number here 129,12,42,2017-05-18 23:12:37
130,This is not a random comment...coz there is a number here 130,14,10,2017-06-05 04:35:52
131,This is not a random comment...coz there is a number here 131,6,43,2018-01-06 21:30:45
132,This is not a random comment...coz there is a number here 132,13,26,2017-07-02 20:39:42
133,This is not a random comment...coz there is a number here 133,13,20,2017-01-26 09:02:51
134,This is not a random comment...coz there is a number here 134,13,39,2017-08-24 01:10:51
135,This is not a random comment...coz there is a number here 135,5,3,2018-08-01 07:32:08
136,This is not a random comment...coz there is a number here 136,17,26,2018-01-02 00:24:22
137,This is not a random comment...coz there is a number here 137,13,24,2017-01-17 04:15:14
138,This is not a random comment...coz there is a number here 138,4,2,2018-08-04 00:38:16
139,This is not a random comment...coz there is a number here 139,16,32,2018-08-15 02:20:50
140,This is not a random comment...coz there is a number here 140,10,3,2018-10-16 08:08:44
141,This is not a random comment...coz there is a number here 141,15,36,2017-03-02 10:50:30
142,This is not a random comment...coz there is a number here 142,12,13,2018-07-05 19:32:18
143,This is not a random comment...coz there is a number here 143,4,39,2018-04-03 23:15:25
144,This is not a random comment...coz there is a number here 144,13,16,2018-08-07 18:13:22
145,This is not a random comment...coz there is a number here 145,11,3,2018-08-23 18:44:22
146,This is not a random comment...coz there is a number here 146,14,4,2017-09-17 20:01:23
147,This is not a random comment...coz there is a number here 147,10,42,2017-04-18 15:27:35
148,This is not a random comment...coz there is a number here 148,8,49,2017-11-19 21:56:12
149,This is not a random comment...coz there is a number here 149,8,32,2018-12-18 17:16:10
150,This is not a random comment...coz there is a number here 150,3,13,2017-05-27 02:52:07
151,This is not a random comment...coz there is a number here 151,11,18,2018-08-21 00:43:04
152,This is not a random comment...coz there is a number here 152,14,23,2018-11-14 13:14:43
153,This is not a random comment...coz there is a number here 153,6,28,2018-08-18 14:04:34
154,This is not a random comment...coz there is a number here 154,17,17,2018-06-14 09:03:38
155,This is not a random comment...coz there is a number here 155,17,25,2018-02-04 12:51:41
156,This is not a random comment...coz there is a number here 156,14,22,2018-11-01 23:06:41
157,This is not a random comment...coz there is a number here 157,8,25,2017-12-06 00:20:32
158,This is not a random comment...coz there is a number here 158,11,47,2018-06-13 14:37:32
159,This is not a random comment...coz there is a number here 159,8,1,2018-11-13 08:35:17
160,This is not a random comment...coz there is a number here 160,3,8,2017-03-02 00:36:10
161,This is not a random comment...coz there is a number here 161,7,28,2017-10-26 20:50:29
162,This is not a random comment...coz there is a number here 162,16,36,2017-03-09 07:42:03
163,This is not a random comment...coz there is a number here 163,7,17,2018-05-07 18:20:03
164,This is not a random comment...coz there is a number here 164,16,9,2017-12-24 15:26:31
165,This is not a random comment...coz there is a number here 165,3,26,2017-10-19 00:28:57
166,This is not a random comment...coz there is a number here 166,5,22,2017-10-04 23:58:41
167,This is not a random comment...coz there is a number here 167,7,11,2017-10-05 13:21:17
168,This is not a random comment...coz there is a number here 168,8,30,2018-10-28 11:42:59
169,This is not a random comment...coz there is a number here 169,14,48,2018-06-19 11:56:15
170,This is not a random comment...coz there is a number here 170,16,31,2017-01-23 02:03:33
171,This is not a random comment...coz there is a number here 171,9,46,2018-07-21 16:57:41
172,This is not a random comment...coz there is a number here 172,9,46,2017-08-20 07:06:15
173,This is not a random comment...coz there is a number here 173,4,19,2018-09-09 10:25:14
174,This is not a random comment...coz there is a number here 174,17,35,2018-12-16 05:31:14
175,This is not a random comment...coz there is a number here 175,13,6,2017-06-11 15:03:40
176,This is not a random comment...coz there is a number here 176,17,44,2018-12-23 19:41:30
177,This is not a random comment...coz there is a number here 177,8,17,2018-03-16 05:19:39
178,This is not a random comment...coz there is a number here 178,17,35,2017-08-12 07:23:43
179,This is not a random comment...coz there is a number here 179,9,40,2018-10-25 22:59:19
180,This is not a random comment...coz there is a number here 180,16,20,2018-10-23 17:59:22
181,This is not a random comment...coz there is a number here 181,17,33,2017-05-23 21:44:10
182,This is not a random comment...coz there is a number here 182,16,37,2018-05-12 13:31:01
183,This is not a random comment...coz there is a number here 183,6,2,2017-03-15 22:25:09
184,This is not a random comment...coz there is a number here 184,11,46,2018-01-20 06:15:42
185,This is not a random comment...coz there is a number here 185,12,40,2018-02-03 00:55:45
186,This is not a random comment...coz there is a number here 186,15,8,2017-07-03 06:13:12
187,This is not a random comment...coz there is a number here 187,17,9,2018-11-19 10:58:18
188,This is not a random comment...coz there is a number here 188,14,48,2017-05-28 00:50:41
189,This is not a random comment...coz there is a number here 189,5,6,2018-05-07 14:05:06
190,This is not a random comment...coz there is a number here 190,17,37,2017-08-01 17:47:12
191,This is not a random comment...coz there is a number here 191,9,46,2017-07-25 06:36:25
192,This is not a random comment...coz there is a number here 192,15,3,2018-12-18 23:08:17
193,This is not a random comment...coz there is a number here 193,10,27,2017-04-12 21:13:22
194,This is not a random comment...coz there is a number here 194,11,22,2017-10-27 18:03:30
195,This is not a random comment...coz there is a number here 195,12,27,2018-04-21 00:09:05
196,This is not a random comment...coz there is a number here 196,13,36,2017-04-28 07:49:45
197,This is not a random comment...coz there is a number here 197,15,44,2018-03-23 11:51:09
198,This is not a random comment...coz there is a number here 198,6,37,2017-06-02 03:02:32
199,This is not a random comment...coz there is a number here 199,15,42,2017-08-18 17:19:22
200,This is not a random comment...coz there is a number here 200,11,32,2018-12-02 20:46:32
201,This is not a random comment...coz there is a number here 201,13,1,2017-11-24 03:54:50
202,This is not a random comment...coz there is a number here 202,15,18,2017-03-14 17:09:35
203,This is not a random comment...coz there is a number here 203,17,42,2017-12-21 21:06:12
204,This is not a random comment...coz there is a number here 204,15,6,2017-01-10 00:16:10
205,This is not a random comment...coz there is a number here 205,16,20,2017-01-26 02:51:28
206,This is not a random comment...coz there is a number here 206,6,2,2018-06-01 15:57:12
207,This is not a random comment...coz there is a number here 207,15,16,2018-07-09 23:39:23
208,This is not a random comment...coz there is a number here 208,12,9,2017-11-16 04:37:42
209,This is not a random comment...coz there is a number here 209,15,32,2017-04-10 00:16:47
210,This is not a random comment...coz there is a number here 210,14,29,2017-07-15 12:52:47
211,This is not a random comment...coz there is a number here 211,6,27,2018-10-16 03:42:42
212,This is not a random comment...coz there is a number here 212,14,16,2018-02-23 03:37:55
213,This is not a random comment...coz there is a number here 213,10,19,2018-12-21 07:10:14
214,This is not a random comment...coz there is a number here 214,5,15,2017-03-18 15:44:35
215,This is not a random comment...coz there is a number here 215,13,44,2017-05-19 03:16:05
216,This is not a random comment...coz there is a number here 216,4,25,2017-07-09 09:55:16
217,This is not a random comment...coz there is a number here 217,10,16,2018-05-06 01:40:03
218,This is not a random comment...coz there is a number here 218,16,37,2017-03-20 07:07:24
219,This is not a random comment...coz there is a number here 219,14,12,2017-09-27 08:16:04
220,This is not a random comment...coz there is a number here 220,5,43,2018-06-08 00:26:24
221,This is not a random comment...coz there is a number here 221,6,26,2017-02-09 13:10:38
222,This is not a random comment...coz there is a number here 222,17,12,2018-05-06 05:22:41
223,This is not a random comment...coz there is a number here 223,8,18,2017-06-18 05:13:02
224,This is not a random comment...coz there is a number here 224,11,25,2018-03-03 14:49:38
225,This is not a random comment...coz there is a number here 225,14,9,2018-04-02 08:42:45
226,This is not a random comment...coz there is a number here 226,13,31,2018-06-21 07:24:46
227,This is not a random comment...coz there is a number here 227,5,18,2017-03-17 02:05:42
228,This is not a random comment...coz there is a number here 228,16,4,2017-01-10 23:57:43
229,This is not a random comment...coz there is a number here 229,17,5,2017-02-27 16:39:35
230,This is not a random comment...coz there is a number here 230,11,5,2017-07-19 12:13:35
231,This is not a random comment...coz there is a number here 231,5,20,2017-11-02 02:08:03
232,This is not a random comment...coz there is a number here 232,11,1,2018-12-03 11:59:48
233,This is not a random comment...coz there is a number here 233,15,21,2018-02-28 15:25:25
234,This is not a random comment...coz there is a number here 234,10,13,2018-09-02 13:53:59
235,This is not a random comment...coz there is a number here 235,3,3,2017-10-02 00:06:43
236,This is not a random comment...coz there is a number here 236,3,45,2017-05-03 17:23:31
237,This is not a random comment...coz there is a number here 237,7,25,2018-11-04 18:06:27
238,This is not a random comment...coz there is a number here 238,3,37,2018-01-25 23:30:27
239,This is not a random comment...coz there is a number here 239,12,37,2017-10-05 23:13:21
240,This is not a random comment...coz there is a number here 240,13,2,2018-06-26 17:48:24
241,This is not a random comment...coz there is a number here 241,16,20,2018-11-23 20:18:12
242,This is not a random comment...coz there is a number here 242,11,44,2018-03-15 02:09:01
243,This is not a random comment...coz there is a number here 243,16,23,2017-07-06 21:59:31
244,This is not a random comment...coz there is a number here 244,14,19,2018-05-21 06:55:09
245,This is not a random comment...coz there is a number here 245,3,22,2018-01-02 02:14:25
246,This is not a random comment...coz there is a number here 246,11,18,2017-11-11 23:07:33
247,This is not a random comment...coz there is a number here 247,9,35,2018-07-27 14:22:18
248,This is not a random comment...coz there is a number here 248,10,12,2017-04-16 18:44:39
249,This is not a random comment...coz there is a number here 249,4,25,2018-04-24 14:19:22
250,This is not a random comment...coz there is a number here 250,3,42,2018-02-10 11:51:37
251,This is not a random comment...coz there is a number here 251,15,7,2017-03-28 09:18:28
252,This is not a random comment...coz there is a number here 252,6,28,2018-09-15 00:29:20
253,This is not a random comment...coz there is a number here 253,9,14,2017-12-10 13:24:02
254,This is not a random comment...coz there is a number here 254,11,1,2017-12-13 07:13:52
255,This is not a random comment...coz there is a number here 255,11,23,2018-07-10 16:12:03
256,This is not a random comment...coz there is a number here 256,6,40,2017-03-03 11:33:47